filename,rel_path,total_blocks,ratio_ones,decoded_bit,expected_bit,is_correct
0_248357.png,INSTRUCT_Pix2Pix\5\0_248357.png,1024,0.5302734375,1,1,1
100_260143.png,INSTRUCT_Pix2Pix\5\100_260143.png,1024,0.5302734375,1,1,1
101_260162.png,INSTRUCT_Pix2Pix\5\101_260162.png,1024,0.5615234375,1,1,1
102_260237.png,INSTRUCT_Pix2Pix\5\102_260237.png,1024,0.52734375,1,1,1
103_260379.png,INSTRUCT_Pix2Pix\5\103_260379.png,1024,0.5908203125,1,1,1
104_260532.png,INSTRUCT_Pix2Pix\5\104_260532.png,1024,0.5751953125,1,1,1
105_260570.png,INSTRUCT_Pix2Pix\5\105_260570.png,1024,0.498046875,0,1,0
106_260664.png,INSTRUCT_Pix2Pix\5\106_260664.png,1024,0.5205078125,1,1,1
107_260783.png,INSTRUCT_Pix2Pix\5\107_260783.png,1024,0.4970703125,0,1,0
108_260986.png,INSTRUCT_Pix2Pix\5\108_260986.png,1024,0.5146484375,1,1,1
109_261101.png,INSTRUCT_Pix2Pix\5\109_261101.png,1024,0.5634765625,1,1,1
10_249223.png,INSTRUCT_Pix2Pix\5\10_249223.png,1024,0.529296875,1,1,1
110_261194.png,INSTRUCT_Pix2Pix\5\110_261194.png,1024,0.537109375,1,1,1
111_261347.png,INSTRUCT_Pix2Pix\5\111_261347.png,1024,0.5732421875,1,1,1
112_261642.png,INSTRUCT_Pix2Pix\5\112_261642.png,1024,0.52734375,1,1,1
113_261914.png,INSTRUCT_Pix2Pix\5\113_261914.png,1024,0.5380859375,1,1,1
114_261996.png,INSTRUCT_Pix2Pix\5\114_261996.png,1024,0.5361328125,1,1,1
115_262215.png,INSTRUCT_Pix2Pix\5\115_262215.png,1024,0.61328125,1,1,1
116_262541.png,INSTRUCT_Pix2Pix\5\116_262541.png,1024,0.5029296875,1,1,1
117_262591.png,INSTRUCT_Pix2Pix\5\117_262591.png,1024,0.5029296875,1,1,1
118_262860.png,INSTRUCT_Pix2Pix\5\118_262860.png,1024,0.4970703125,0,1,0
119_262884.png,INSTRUCT_Pix2Pix\5\119_262884.png,1024,0.6396484375,1,1,1
11_249305.png,INSTRUCT_Pix2Pix\5\11_249305.png,1024,0.5537109375,1,1,1
120_263435.png,INSTRUCT_Pix2Pix\5\120_263435.png,1024,0.5380859375,1,1,1
121_263954.png,INSTRUCT_Pix2Pix\5\121_263954.png,1024,0.5322265625,1,1,1
122_263980.png,INSTRUCT_Pix2Pix\5\122_263980.png,1024,0.544921875,1,1,1
123_264068.png,INSTRUCT_Pix2Pix\5\123_264068.png,1024,0.6025390625,1,1,1
124_264183.png,INSTRUCT_Pix2Pix\5\124_264183.png,1024,0.52734375,1,1,1
125_264357.png,INSTRUCT_Pix2Pix\5\125_264357.png,1024,0.54296875,1,1,1
126_264702.png,INSTRUCT_Pix2Pix\5\126_264702.png,1024,0.55078125,1,1,1
127_264804.png,INSTRUCT_Pix2Pix\5\127_264804.png,1024,0.521484375,1,1,1
128_264853.png,INSTRUCT_Pix2Pix\5\128_264853.png,1024,0.5048828125,1,1,1
129_265041.png,INSTRUCT_Pix2Pix\5\129_265041.png,1024,0.5751953125,1,1,1
12_249491.png,INSTRUCT_Pix2Pix\5\12_249491.png,1024,0.4873046875,0,1,0
130_265152.png,INSTRUCT_Pix2Pix\5\130_265152.png,1024,0.587890625,1,1,1
131_265166.png,INSTRUCT_Pix2Pix\5\131_265166.png,1024,0.513671875,1,1,1
132_265267.png,INSTRUCT_Pix2Pix\5\132_265267.png,1024,0.5830078125,1,1,1
133_265300.png,INSTRUCT_Pix2Pix\5\133_265300.png,1024,0.591796875,1,1,1
134_265305.png,INSTRUCT_Pix2Pix\5\134_265305.png,1024,0.6025390625,1,1,1
135_265331.png,INSTRUCT_Pix2Pix\5\135_265331.png,1024,0.5908203125,1,1,1
136_265422.png,INSTRUCT_Pix2Pix\5\136_265422.png,1024,0.568359375,1,1,1
137_265489.png,INSTRUCT_Pix2Pix\5\137_265489.png,1024,0.6279296875,1,1,1
138_265530.png,INSTRUCT_Pix2Pix\5\138_265530.png,1024,0.5595703125,1,1,1
139_265536.png,INSTRUCT_Pix2Pix\5\139_265536.png,1024,0.501953125,1,1,1
13_249548.png,INSTRUCT_Pix2Pix\5\13_249548.png,1024,0.58203125,1,1,1
140_265700.png,INSTRUCT_Pix2Pix\5\140_265700.png,1024,0.5712890625,1,1,1
141_265713.png,INSTRUCT_Pix2Pix\5\141_265713.png,1024,0.5244140625,1,1,1
142_265739.png,INSTRUCT_Pix2Pix\5\142_265739.png,1024,0.5146484375,1,1,1
143_265740.png,INSTRUCT_Pix2Pix\5\143_265740.png,1024,0.533203125,1,1,1
144_265851.png,INSTRUCT_Pix2Pix\5\144_265851.png,1024,0.552734375,1,1,1
145_265904.png,INSTRUCT_Pix2Pix\5\145_265904.png,1024,0.5615234375,1,1,1
146_265934.png,INSTRUCT_Pix2Pix\5\146_265934.png,1024,0.58203125,1,1,1
147_265945.png,INSTRUCT_Pix2Pix\5\147_265945.png,1024,0.5400390625,1,1,1
148_265976.png,INSTRUCT_Pix2Pix\5\148_265976.png,1024,0.544921875,1,1,1
149_266189.png,INSTRUCT_Pix2Pix\5\149_266189.png,1024,0.556640625,1,1,1
14_249632.png,INSTRUCT_Pix2Pix\5\14_249632.png,1024,0.5654296875,1,1,1
150_266300.png,INSTRUCT_Pix2Pix\5\150_266300.png,1024,0.52734375,1,1,1
151_266429.png,INSTRUCT_Pix2Pix\5\151_266429.png,1024,0.58984375,1,1,1
152_266462.png,INSTRUCT_Pix2Pix\5\152_266462.png,1024,0.580078125,1,1,1
153_266520.png,INSTRUCT_Pix2Pix\5\153_266520.png,1024,0.6220703125,1,1,1
154_266556.png,INSTRUCT_Pix2Pix\5\154_266556.png,1024,0.5556640625,1,1,1
155_266648.png,INSTRUCT_Pix2Pix\5\155_266648.png,1024,0.53125,1,1,1
156_266667.png,INSTRUCT_Pix2Pix\5\156_266667.png,1024,0.640625,1,1,1
157_266823.png,INSTRUCT_Pix2Pix\5\157_266823.png,1024,0.580078125,1,1,1
158_266981.png,INSTRUCT_Pix2Pix\5\158_266981.png,1024,0.5302734375,1,1,1
159_267217.png,INSTRUCT_Pix2Pix\5\159_267217.png,1024,0.5185546875,1,1,1
15_249786.png,INSTRUCT_Pix2Pix\5\15_249786.png,1024,0.5791015625,1,1,1
160_267230.png,INSTRUCT_Pix2Pix\5\160_267230.png,1024,0.603515625,1,1,1
161_267400.png,INSTRUCT_Pix2Pix\5\161_267400.png,1024,0.548828125,1,1,1
162_267423.png,INSTRUCT_Pix2Pix\5\162_267423.png,1024,0.5517578125,1,1,1
163_267671.png,INSTRUCT_Pix2Pix\5\163_267671.png,1024,0.552734375,1,1,1
164_267888.png,INSTRUCT_Pix2Pix\5\164_267888.png,1024,0.5380859375,1,1,1
165_268342.png,INSTRUCT_Pix2Pix\5\165_268342.png,1024,0.5400390625,1,1,1
166_268457.png,INSTRUCT_Pix2Pix\5\166_268457.png,1024,0.5654296875,1,1,1
167_268475.png,INSTRUCT_Pix2Pix\5\167_268475.png,1024,0.5576171875,1,1,1
168_268486.png,INSTRUCT_Pix2Pix\5\168_268486.png,1024,0.544921875,1,1,1
169_268570.png,INSTRUCT_Pix2Pix\5\169_268570.png,1024,0.4951171875,0,1,0
16_249888.png,INSTRUCT_Pix2Pix\5\16_249888.png,1024,0.5546875,1,1,1
170_268592.png,INSTRUCT_Pix2Pix\5\170_268592.png,1024,0.572265625,1,1,1
171_268641.png,INSTRUCT_Pix2Pix\5\171_268641.png,1024,0.5302734375,1,1,1
172_268649.png,INSTRUCT_Pix2Pix\5\172_268649.png,1024,0.5341796875,1,1,1
173_268686.png,INSTRUCT_Pix2Pix\5\173_268686.png,1024,0.5693359375,1,1,1
174_269053.png,INSTRUCT_Pix2Pix\5\174_269053.png,1024,0.572265625,1,1,1
175_269135.png,INSTRUCT_Pix2Pix\5\175_269135.png,1024,0.5576171875,1,1,1
176_269160.png,INSTRUCT_Pix2Pix\5\176_269160.png,1024,0.548828125,1,1,1
177_269205.png,INSTRUCT_Pix2Pix\5\177_269205.png,1024,0.5771484375,1,1,1
178_269230.png,INSTRUCT_Pix2Pix\5\178_269230.png,1024,0.517578125,1,1,1
179_269231.png,INSTRUCT_Pix2Pix\5\179_269231.png,1024,0.5439453125,1,1,1
17_250085.png,INSTRUCT_Pix2Pix\5\17_250085.png,1024,0.5654296875,1,1,1
180_269246.png,INSTRUCT_Pix2Pix\5\180_269246.png,1024,0.55078125,1,1,1
181_269299.png,INSTRUCT_Pix2Pix\5\181_269299.png,1024,0.529296875,1,1,1
182_269304.png,INSTRUCT_Pix2Pix\5\182_269304.png,1024,0.642578125,1,1,1
183_269380.png,INSTRUCT_Pix2Pix\5\183_269380.png,1024,0.640625,1,1,1
184_269479.png,INSTRUCT_Pix2Pix\5\184_269479.png,1024,0.5712890625,1,1,1
185_269584.png,INSTRUCT_Pix2Pix\5\185_269584.png,1024,0.619140625,1,1,1
186_269798.png,INSTRUCT_Pix2Pix\5\186_269798.png,1024,0.4501953125,0,1,0
187_269876.png,INSTRUCT_Pix2Pix\5\187_269876.png,1024,0.5859375,1,1,1
188_269900.png,INSTRUCT_Pix2Pix\5\188_269900.png,1024,0.5537109375,1,1,1
189_270261.png,INSTRUCT_Pix2Pix\5\189_270261.png,1024,0.6240234375,1,1,1
18_250163.png,INSTRUCT_Pix2Pix\5\18_250163.png,1024,0.5390625,1,1,1
190_270281.png,INSTRUCT_Pix2Pix\5\190_270281.png,1024,0.5263671875,1,1,1
191_270313.png,INSTRUCT_Pix2Pix\5\191_270313.png,1024,0.51953125,1,1,1
192_270318.png,INSTRUCT_Pix2Pix\5\192_270318.png,1024,0.5673828125,1,1,1
193_270350.png,INSTRUCT_Pix2Pix\5\193_270350.png,1024,0.521484375,1,1,1
194_270584.png,INSTRUCT_Pix2Pix\5\194_270584.png,1024,0.4873046875,0,1,0
195_270633.png,INSTRUCT_Pix2Pix\5\195_270633.png,1024,0.5615234375,1,1,1
196_270657.png,INSTRUCT_Pix2Pix\5\196_270657.png,1024,0.53125,1,1,1
197_271017.png,INSTRUCT_Pix2Pix\5\197_271017.png,1024,0.5361328125,1,1,1
198_271255.png,INSTRUCT_Pix2Pix\5\198_271255.png,1024,0.5498046875,1,1,1
199_271346.png,INSTRUCT_Pix2Pix\5\199_271346.png,1024,0.5498046875,1,1,1
19_250180.png,INSTRUCT_Pix2Pix\5\19_250180.png,1024,0.52734375,1,1,1
1_248419.png,INSTRUCT_Pix2Pix\5\1_248419.png,1024,0.5595703125,1,1,1
200_271609.png,INSTRUCT_Pix2Pix\5\200_271609.png,1024,0.53515625,1,1,1
201_271927.png,INSTRUCT_Pix2Pix\5\201_271927.png,1024,0.5078125,1,1,1
202_271955.png,INSTRUCT_Pix2Pix\5\202_271955.png,1024,0.529296875,1,1,1
203_272020.png,INSTRUCT_Pix2Pix\5\203_272020.png,1024,0.591796875,1,1,1
204_272096.png,INSTRUCT_Pix2Pix\5\204_272096.png,1024,0.5478515625,1,1,1
205_272547.png,INSTRUCT_Pix2Pix\5\205_272547.png,1024,0.537109375,1,1,1
206_272625.png,INSTRUCT_Pix2Pix\5\206_272625.png,1024,0.5400390625,1,1,1
207_272740.png,INSTRUCT_Pix2Pix\5\207_272740.png,1024,0.572265625,1,1,1
208_272882.png,INSTRUCT_Pix2Pix\5\208_272882.png,1024,0.55078125,1,1,1
209_273005.png,INSTRUCT_Pix2Pix\5\209_273005.png,1024,0.5341796875,1,1,1
20_250309.png,INSTRUCT_Pix2Pix\5\20_250309.png,1024,0.4892578125,0,1,0
210_273258.png,INSTRUCT_Pix2Pix\5\210_273258.png,1024,0.53515625,1,1,1
211_273290.png,INSTRUCT_Pix2Pix\5\211_273290.png,1024,0.4736328125,0,1,0
212_273367.png,INSTRUCT_Pix2Pix\5\212_273367.png,1024,0.5908203125,1,1,1
213_273373.png,INSTRUCT_Pix2Pix\5\213_273373.png,1024,0.5400390625,1,1,1
21_250313.png,INSTRUCT_Pix2Pix\5\21_250313.png,1024,0.5390625,1,1,1
22_250340.png,INSTRUCT_Pix2Pix\5\22_250340.png,1024,0.55859375,1,1,1
23_250506.png,INSTRUCT_Pix2Pix\5\23_250506.png,1024,0.5185546875,1,1,1
24_250663.png,INSTRUCT_Pix2Pix\5\24_250663.png,1024,0.5966796875,1,1,1
25_250921.png,INSTRUCT_Pix2Pix\5\25_250921.png,1024,0.53125,1,1,1
26_251041.png,INSTRUCT_Pix2Pix\5\26_251041.png,1024,0.59375,1,1,1
27_251113.png,INSTRUCT_Pix2Pix\5\27_251113.png,1024,0.5390625,1,1,1
28_251200.png,INSTRUCT_Pix2Pix\5\28_251200.png,1024,0.5556640625,1,1,1
29_251243.png,INSTRUCT_Pix2Pix\5\29_251243.png,1024,0.5146484375,1,1,1
2_248435.png,INSTRUCT_Pix2Pix\5\2_248435.png,1024,0.521484375,1,1,1
30_251263.png,INSTRUCT_Pix2Pix\5\30_251263.png,1024,0.5576171875,1,1,1
31_251374.png,INSTRUCT_Pix2Pix\5\31_251374.png,1024,0.5009765625,1,1,1
32_251376.png,INSTRUCT_Pix2Pix\5\32_251376.png,1024,0.5009765625,1,1,1
33_251411.png,INSTRUCT_Pix2Pix\5\33_251411.png,1024,0.505859375,1,1,1
34_251716.png,INSTRUCT_Pix2Pix\5\34_251716.png,1024,0.55078125,1,1,1
35_251717.png,INSTRUCT_Pix2Pix\5\35_251717.png,1024,0.5673828125,1,1,1
36_251758.png,INSTRUCT_Pix2Pix\5\36_251758.png,1024,0.5234375,1,1,1
37_251881.png,INSTRUCT_Pix2Pix\5\37_251881.png,1024,0.5615234375,1,1,1
38_252077.png,INSTRUCT_Pix2Pix\5\38_252077.png,1024,0.5634765625,1,1,1
39_252185.png,INSTRUCT_Pix2Pix\5\39_252185.png,1024,0.52734375,1,1,1
3_248492.png,INSTRUCT_Pix2Pix\5\3_248492.png,1024,0.560546875,1,1,1
40_252357.png,INSTRUCT_Pix2Pix\5\40_252357.png,1024,0.5458984375,1,1,1
41_252683.png,INSTRUCT_Pix2Pix\5\41_252683.png,1024,0.4453125,0,1,0
42_253298.png,INSTRUCT_Pix2Pix\5\42_253298.png,1024,0.5439453125,1,1,1
43_253427.png,INSTRUCT_Pix2Pix\5\43_253427.png,1024,0.5634765625,1,1,1
44_253668.png,INSTRUCT_Pix2Pix\5\44_253668.png,1024,0.552734375,1,1,1
45_253778.png,INSTRUCT_Pix2Pix\5\45_253778.png,1024,0.49609375,0,1,0
46_254057.png,INSTRUCT_Pix2Pix\5\46_254057.png,1024,0.5712890625,1,1,1
47_254103.png,INSTRUCT_Pix2Pix\5\47_254103.png,1024,0.6005859375,1,1,1
48_254123.png,INSTRUCT_Pix2Pix\5\48_254123.png,1024,0.505859375,1,1,1
49_254148.png,INSTRUCT_Pix2Pix\5\49_254148.png,1024,0.5380859375,1,1,1
4_248706.png,INSTRUCT_Pix2Pix\5\4_248706.png,1024,0.6328125,1,1,1
50_254165.png,INSTRUCT_Pix2Pix\5\50_254165.png,1024,0.5498046875,1,1,1
51_254345.png,INSTRUCT_Pix2Pix\5\51_254345.png,1024,0.5673828125,1,1,1
52_254448.png,INSTRUCT_Pix2Pix\5\52_254448.png,1024,0.5556640625,1,1,1
53_254491.png,INSTRUCT_Pix2Pix\5\53_254491.png,1024,0.5546875,1,1,1
54_254561.png,INSTRUCT_Pix2Pix\5\54_254561.png,1024,0.5927734375,1,1,1
55_254631.png,INSTRUCT_Pix2Pix\5\55_254631.png,1024,0.580078125,1,1,1
56_254643.png,INSTRUCT_Pix2Pix\5\56_254643.png,1024,0.5341796875,1,1,1
57_254666.png,INSTRUCT_Pix2Pix\5\57_254666.png,1024,0.54296875,1,1,1
58_254687.png,INSTRUCT_Pix2Pix\5\58_254687.png,1024,0.55859375,1,1,1
59_254893.png,INSTRUCT_Pix2Pix\5\59_254893.png,1024,0.5341796875,1,1,1
5_248735.png,INSTRUCT_Pix2Pix\5\5_248735.png,1024,0.5537109375,1,1,1
60_254947.png,INSTRUCT_Pix2Pix\5\60_254947.png,1024,0.5576171875,1,1,1
61_255255.png,INSTRUCT_Pix2Pix\5\61_255255.png,1024,0.63671875,1,1,1
62_255525.png,INSTRUCT_Pix2Pix\5\62_255525.png,1024,0.4853515625,0,1,0
63_255550.png,INSTRUCT_Pix2Pix\5\63_255550.png,1024,0.576171875,1,1,1
64_255731.png,INSTRUCT_Pix2Pix\5\64_255731.png,1024,0.5537109375,1,1,1
65_256406.png,INSTRUCT_Pix2Pix\5\65_256406.png,1024,0.513671875,1,1,1
66_256468.png,INSTRUCT_Pix2Pix\5\66_256468.png,1024,0.58984375,1,1,1
67_256657.png,INSTRUCT_Pix2Pix\5\67_256657.png,1024,0.5224609375,1,1,1
68_256670.png,INSTRUCT_Pix2Pix\5\68_256670.png,1024,0.5283203125,1,1,1
69_256693.png,INSTRUCT_Pix2Pix\5\69_256693.png,1024,0.5341796875,1,1,1
6_248870.png,INSTRUCT_Pix2Pix\5\6_248870.png,1024,0.53515625,1,1,1
70_256825.png,INSTRUCT_Pix2Pix\5\70_256825.png,1024,0.576171875,1,1,1
71_256841.png,INSTRUCT_Pix2Pix\5\71_256841.png,1024,0.5087890625,1,1,1
72_256966.png,INSTRUCT_Pix2Pix\5\72_256966.png,1024,0.5849609375,1,1,1
73_257148.png,INSTRUCT_Pix2Pix\5\73_257148.png,1024,0.5419921875,1,1,1
74_257270.png,INSTRUCT_Pix2Pix\5\74_257270.png,1024,0.509765625,1,1,1
75_257320.png,INSTRUCT_Pix2Pix\5\75_257320.png,1024,0.5625,1,1,1
76_257491.png,INSTRUCT_Pix2Pix\5\76_257491.png,1024,0.5625,1,1,1
77_257792.png,INSTRUCT_Pix2Pix\5\77_257792.png,1024,0.53515625,1,1,1
78_257932.png,INSTRUCT_Pix2Pix\5\78_257932.png,1024,0.513671875,1,1,1
79_257979.png,INSTRUCT_Pix2Pix\5\79_257979.png,1024,0.5439453125,1,1,1
7_248876.png,INSTRUCT_Pix2Pix\5\7_248876.png,1024,0.5146484375,1,1,1
80_258067.png,INSTRUCT_Pix2Pix\5\80_258067.png,1024,0.5458984375,1,1,1
81_258181.png,INSTRUCT_Pix2Pix\5\81_258181.png,1024,0.5380859375,1,1,1
82_258306.png,INSTRUCT_Pix2Pix\5\82_258306.png,1024,0.583984375,1,1,1
83_258314.png,INSTRUCT_Pix2Pix\5\83_258314.png,1024,0.59765625,1,1,1
84_258345.png,INSTRUCT_Pix2Pix\5\84_258345.png,1024,0.5283203125,1,1,1
85_258639.png,INSTRUCT_Pix2Pix\5\85_258639.png,1024,0.5576171875,1,1,1
86_258665.png,INSTRUCT_Pix2Pix\5\86_258665.png,1024,0.560546875,1,1,1
87_258670.png,INSTRUCT_Pix2Pix\5\87_258670.png,1024,0.5703125,1,1,1
