filename,total_blocks,ratio_ones,decoded_bit,expected_bit,is_correct
0_248357_dwt_dct_wm.png,1024,0.875,1,1,1
100_260143_dwt_dct_wm.png,1024,0.859375,1,1,1
101_260162_dwt_dct_wm.png,1024,0.8427734375,1,1,1
102_260237_dwt_dct_wm.png,1024,0.822265625,1,1,1
103_260379_dwt_dct_wm.png,1024,0.8251953125,1,1,1
104_260532_dwt_dct_wm.png,1024,0.837890625,1,1,1
105_260570_dwt_dct_wm.png,1024,0.8447265625,1,1,1
106_260664_dwt_dct_wm.png,1024,0.830078125,1,1,1
107_260783_dwt_dct_wm.png,1024,0.8544921875,1,1,1
108_260986_dwt_dct_wm.png,1024,0.8388671875,1,1,1
109_261101_dwt_dct_wm.png,1024,0.8623046875,1,1,1
10_249223_dwt_dct_wm.png,1024,0.869140625,1,1,1
110_261194_dwt_dct_wm.png,1024,0.8720703125,1,1,1
111_261347_dwt_dct_wm.png,1024,0.8876953125,1,1,1
112_261642_dwt_dct_wm.png,1024,0.865234375,1,1,1
113_261914_dwt_dct_wm.png,1024,0.8740234375,1,1,1
114_261996_dwt_dct_wm.png,1024,0.8681640625,1,1,1
115_262215_dwt_dct_wm.png,1024,0.7890625,1,1,1
116_262541_dwt_dct_wm.png,1024,0.8876953125,1,1,1
117_262591_dwt_dct_wm.png,1024,0.8486328125,1,1,1
118_262860_dwt_dct_wm.png,1024,0.8193359375,1,1,1
119_262884_dwt_dct_wm.png,1024,0.8447265625,1,1,1
11_249305_dwt_dct_wm.png,1024,0.859375,1,1,1
120_263435_dwt_dct_wm.png,1024,0.8583984375,1,1,1
121_263954_dwt_dct_wm.png,1024,0.83984375,1,1,1
122_263980_dwt_dct_wm.png,1024,0.86328125,1,1,1
123_264068_dwt_dct_wm.png,1024,0.8173828125,1,1,1
124_264183_dwt_dct_wm.png,1024,0.8359375,1,1,1
125_264357_dwt_dct_wm.png,1024,0.8515625,1,1,1
126_264702_dwt_dct_wm.png,1024,0.83984375,1,1,1
127_264804_dwt_dct_wm.png,1024,0.83203125,1,1,1
128_264853_dwt_dct_wm.png,1024,0.8330078125,1,1,1
129_265041_dwt_dct_wm.png,1024,0.8427734375,1,1,1
12_249491_dwt_dct_wm.png,1024,0.8486328125,1,1,1
130_265152_dwt_dct_wm.png,1024,0.8203125,1,1,1
131_265166_dwt_dct_wm.png,1024,0.8076171875,1,1,1
132_265267_dwt_dct_wm.png,1024,0.89453125,1,1,1
133_265300_dwt_dct_wm.png,1024,0.8330078125,1,1,1
134_265305_dwt_dct_wm.png,1024,0.783203125,1,1,1
135_265331_dwt_dct_wm.png,1024,0.865234375,1,1,1
136_265422_dwt_dct_wm.png,1024,0.8330078125,1,1,1
137_265489_dwt_dct_wm.png,1024,0.8291015625,1,1,1
138_265530_dwt_dct_wm.png,1024,0.8681640625,1,1,1
139_265536_dwt_dct_wm.png,1024,0.865234375,1,1,1
13_249548_dwt_dct_wm.png,1024,0.859375,1,1,1
140_265700_dwt_dct_wm.png,1024,0.8671875,1,1,1
141_265713_dwt_dct_wm.png,1024,0.89453125,1,1,1
142_265739_dwt_dct_wm.png,1024,0.8388671875,1,1,1
143_265740_dwt_dct_wm.png,1024,0.8603515625,1,1,1
144_265851_dwt_dct_wm.png,1024,0.8115234375,1,1,1
145_265904_dwt_dct_wm.png,1024,0.833984375,1,1,1
146_265934_dwt_dct_wm.png,1024,0.8720703125,1,1,1
147_265945_dwt_dct_wm.png,1024,0.8349609375,1,1,1
148_265976_dwt_dct_wm.png,1024,0.8251953125,1,1,1
149_266189_dwt_dct_wm.png,1024,0.8056640625,1,1,1
14_249632_dwt_dct_wm.png,1024,0.86328125,1,1,1
150_266300_dwt_dct_wm.png,1024,0.8369140625,1,1,1
151_266429_dwt_dct_wm.png,1024,0.8134765625,1,1,1
152_266462_dwt_dct_wm.png,1024,0.857421875,1,1,1
153_266520_dwt_dct_wm.png,1024,0.8388671875,1,1,1
154_266556_dwt_dct_wm.png,1024,0.8408203125,1,1,1
155_266648_dwt_dct_wm.png,1024,0.85546875,1,1,1
156_266667_dwt_dct_wm.png,1024,0.8671875,1,1,1
157_266823_dwt_dct_wm.png,1024,0.818359375,1,1,1
158_266981_dwt_dct_wm.png,1024,0.892578125,1,1,1
159_267217_dwt_dct_wm.png,1024,0.8359375,1,1,1
15_249786_dwt_dct_wm.png,1024,0.830078125,1,1,1
160_267230_dwt_dct_wm.png,1024,0.892578125,1,1,1
161_267400_dwt_dct_wm.png,1024,0.84765625,1,1,1
162_267423_dwt_dct_wm.png,1024,0.8779296875,1,1,1
163_267671_dwt_dct_wm.png,1024,0.8740234375,1,1,1
164_267888_dwt_dct_wm.png,1024,0.8515625,1,1,1
165_268342_dwt_dct_wm.png,1024,0.84765625,1,1,1
166_268457_dwt_dct_wm.png,1024,0.8583984375,1,1,1
167_268475_dwt_dct_wm.png,1024,0.826171875,1,1,1
168_268486_dwt_dct_wm.png,1024,0.900390625,1,1,1
169_268570_dwt_dct_wm.png,1024,0.8291015625,1,1,1
16_249888_dwt_dct_wm.png,1024,0.8369140625,1,1,1
170_268592_dwt_dct_wm.png,1024,0.8232421875,1,1,1
171_268641_dwt_dct_wm.png,1024,0.8193359375,1,1,1
172_268649_dwt_dct_wm.png,1024,0.8447265625,1,1,1
173_268686_dwt_dct_wm.png,1024,0.8779296875,1,1,1
174_269053_dwt_dct_wm.png,1024,0.8955078125,1,1,1
175_269135_dwt_dct_wm.png,1024,0.830078125,1,1,1
176_269160_dwt_dct_wm.png,1024,0.8203125,1,1,1
177_269205_dwt_dct_wm.png,1024,0.8505859375,1,1,1
178_269230_dwt_dct_wm.png,1024,0.8447265625,1,1,1
179_269231_dwt_dct_wm.png,1024,0.8837890625,1,1,1
17_250085_dwt_dct_wm.png,1024,0.859375,1,1,1
180_269246_dwt_dct_wm.png,1024,0.8623046875,1,1,1
181_269299_dwt_dct_wm.png,1024,0.861328125,1,1,1
182_269304_dwt_dct_wm.png,1024,0.8193359375,1,1,1
183_269380_dwt_dct_wm.png,1024,0.8505859375,1,1,1
184_269479_dwt_dct_wm.png,1024,0.9072265625,1,1,1
185_269584_dwt_dct_wm.png,1024,0.8330078125,1,1,1
186_269798_dwt_dct_wm.png,1024,0.861328125,1,1,1
187_269876_dwt_dct_wm.png,1024,0.7939453125,1,1,1
188_269900_dwt_dct_wm.png,1024,0.8466796875,1,1,1
189_270261_dwt_dct_wm.png,1024,0.8759765625,1,1,1
18_250163_dwt_dct_wm.png,1024,0.8525390625,1,1,1
190_270281_dwt_dct_wm.png,1024,0.8857421875,1,1,1
191_270313_dwt_dct_wm.png,1024,0.859375,1,1,1
192_270318_dwt_dct_wm.png,1024,0.873046875,1,1,1
193_270350_dwt_dct_wm.png,1024,0.8681640625,1,1,1
194_270584_dwt_dct_wm.png,1024,0.8486328125,1,1,1
195_270633_dwt_dct_wm.png,1024,0.8115234375,1,1,1
196_270657_dwt_dct_wm.png,1024,0.8837890625,1,1,1
197_271017_dwt_dct_wm.png,1024,0.900390625,1,1,1
198_271255_dwt_dct_wm.png,1024,0.8427734375,1,1,1
199_271346_dwt_dct_wm.png,1024,0.8837890625,1,1,1
19_250180_dwt_dct_wm.png,1024,0.8427734375,1,1,1
1_248419_dwt_dct_wm.png,1024,0.8671875,1,1,1
200_271609_dwt_dct_wm.png,1024,0.8134765625,1,1,1
201_271927_dwt_dct_wm.png,1024,0.876953125,1,1,1
202_271955_dwt_dct_wm.png,1024,0.853515625,1,1,1
203_272020_dwt_dct_wm.png,1024,0.85546875,1,1,1
204_272096_dwt_dct_wm.png,1024,0.822265625,1,1,1
205_272547_dwt_dct_wm.png,1024,0.8623046875,1,1,1
206_272625_dwt_dct_wm.png,1024,0.8701171875,1,1,1
207_272740_dwt_dct_wm.png,1024,0.845703125,1,1,1
208_272882_dwt_dct_wm.png,1024,0.8349609375,1,1,1
209_273005_dwt_dct_wm.png,1024,0.8427734375,1,1,1
20_250309_dwt_dct_wm.png,1024,0.8544921875,1,1,1
210_273258_dwt_dct_wm.png,1024,0.861328125,1,1,1
211_273290_dwt_dct_wm.png,1024,0.8701171875,1,1,1
212_273367_dwt_dct_wm.png,1024,0.8515625,1,1,1
213_273373_dwt_dct_wm.png,1024,0.8779296875,1,1,1
214_273791_dwt_dct_wm.png,1024,0.849609375,1,1,1
215_273873_dwt_dct_wm.png,1024,0.87890625,1,1,1
216_273899_dwt_dct_wm.png,1024,0.8623046875,1,1,1
217_273911_dwt_dct_wm.png,1024,0.8515625,1,1,1
218_274293_dwt_dct_wm.png,1024,0.8955078125,1,1,1
219_274362_dwt_dct_wm.png,1024,0.8349609375,1,1,1
21_250313_dwt_dct_wm.png,1024,0.875,1,1,1
220_274373_dwt_dct_wm.png,1024,0.775390625,1,1,1
221_274417_dwt_dct_wm.png,1024,0.87109375,1,1,1
222_274595_dwt_dct_wm.png,1024,0.8017578125,1,1,1
223_274724_dwt_dct_wm.png,1024,0.83984375,1,1,1
224_274830_dwt_dct_wm.png,1024,0.8173828125,1,1,1
225_274994_dwt_dct_wm.png,1024,0.880859375,1,1,1
226_275177_dwt_dct_wm.png,1024,0.876953125,1,1,1
227_275291_dwt_dct_wm.png,1024,0.8828125,1,1,1
228_275319_dwt_dct_wm.png,1024,0.86328125,1,1,1
229_275423_dwt_dct_wm.png,1024,0.8525390625,1,1,1
22_250340_dwt_dct_wm.png,1024,0.81640625,1,1,1
230_275859_dwt_dct_wm.png,1024,0.8740234375,1,1,1
231_275869_dwt_dct_wm.png,1024,0.8056640625,1,1,1
232_276454_dwt_dct_wm.png,1024,0.8388671875,1,1,1
233_276538_dwt_dct_wm.png,1024,0.8662109375,1,1,1
234_276635_dwt_dct_wm.png,1024,0.8505859375,1,1,1
235_276720_dwt_dct_wm.png,1024,0.8505859375,1,1,1
236_276790_dwt_dct_wm.png,1024,0.88671875,1,1,1
237_277252_dwt_dct_wm.png,1024,0.8134765625,1,1,1
238_277661_dwt_dct_wm.png,1024,0.826171875,1,1,1
239_278322_dwt_dct_wm.png,1024,0.87890625,1,1,1
23_250506_dwt_dct_wm.png,1024,0.873046875,1,1,1
240_278343_dwt_dct_wm.png,1024,0.8447265625,1,1,1
241_278448_dwt_dct_wm.png,1024,0.8671875,1,1,1
242_278499_dwt_dct_wm.png,1024,0.8271484375,1,1,1
243_278712_dwt_dct_wm.png,1024,0.8701171875,1,1,1
244_278811_dwt_dct_wm.png,1024,0.8486328125,1,1,1
245_279109_dwt_dct_wm.png,1024,0.810546875,1,1,1
246_279323_dwt_dct_wm.png,1024,0.880859375,1,1,1
247_279353_dwt_dct_wm.png,1024,0.8291015625,1,1,1
248_279409_dwt_dct_wm.png,1024,0.791015625,1,1,1
249_279491_dwt_dct_wm.png,1024,0.8515625,1,1,1
24_250663_dwt_dct_wm.png,1024,0.826171875,1,1,1
250_280164_dwt_dct_wm.png,1024,0.8935546875,1,1,1
251_280246_dwt_dct_wm.png,1024,0.796875,1,1,1
252_280248_dwt_dct_wm.png,1024,0.8388671875,1,1,1
253_280326_dwt_dct_wm.png,1024,0.7939453125,1,1,1
254_280550_dwt_dct_wm.png,1024,0.8701171875,1,1,1
255_280579_dwt_dct_wm.png,1024,0.818359375,1,1,1
256_280653_dwt_dct_wm.png,1024,0.8076171875,1,1,1
257_280863_dwt_dct_wm.png,1024,0.7353515625,1,1,1
258_281022_dwt_dct_wm.png,1024,0.8466796875,1,1,1
259_281049_dwt_dct_wm.png,1024,0.8388671875,1,1,1
25_250921_dwt_dct_wm.png,1024,0.8701171875,1,1,1
260_281169_dwt_dct_wm.png,1024,0.888671875,1,1,1
261_281278_dwt_dct_wm.png,1024,0.884765625,1,1,1
262_281596_dwt_dct_wm.png,1024,0.865234375,1,1,1
263_281617_dwt_dct_wm.png,1024,0.859375,1,1,1
264_281683_dwt_dct_wm.png,1024,0.84765625,1,1,1
265_281839_dwt_dct_wm.png,1024,0.82421875,1,1,1
266_281947_dwt_dct_wm.png,1024,0.8740234375,1,1,1
267_281962_dwt_dct_wm.png,1024,0.806640625,1,1,1
268_282025_dwt_dct_wm.png,1024,0.6279296875,1,1,1
269_282161_dwt_dct_wm.png,1024,0.861328125,1,1,1
26_251041_dwt_dct_wm.png,1024,0.8671875,1,1,1
270_282344_dwt_dct_wm.png,1024,0.8603515625,1,1,1
271_282417_dwt_dct_wm.png,1024,0.845703125,1,1,1
272_282551_dwt_dct_wm.png,1024,0.859375,1,1,1
273_282785_dwt_dct_wm.png,1024,0.8642578125,1,1,1
274_283179_dwt_dct_wm.png,1024,0.859375,1,1,1
275_283246_dwt_dct_wm.png,1024,0.83984375,1,1,1
276_283266_dwt_dct_wm.png,1024,0.8623046875,1,1,1
277_283293_dwt_dct_wm.png,1024,0.8681640625,1,1,1
278_283335_dwt_dct_wm.png,1024,0.8486328125,1,1,1
279_283355_dwt_dct_wm.png,1024,0.8896484375,1,1,1
27_251113_dwt_dct_wm.png,1024,0.8505859375,1,1,1
